FullName,PhoneNumber,Email,Occupation,CreditCardNumber,Latitude,Longitude
Miranda Robinson,(702)431-9416x8854,abrown@salazar.com,"Designer, industrial/product",2222536106802177,-11.965950,-105.437125
Michael Caldwell,001-562-785-4209x3925,trevor03@bennett.org,Bonds trader,373505573242093,48.0230175,29.479082
Desiree Glenn,(545)906-5393x2605,andrew06@oliver.net,Pensions consultant,3552199982652329,-46.041303,-106.044107
Matthew Villegas,001-825-435-7922x437,jamesjames@wise-johnston.net,Exercise physiologist,4957076140254314,20.9286505,51.622508
Paul Hickman,001-017-773-9334x8547,samuelmills@gmail.com,Curator,572622184636,50.6223775,119.458306
Timothy White,300.594.0301,gileschristopher@hotmail.com,International aid/development worker,5460453345291028,11.985319,-46.769260
Stephanie Garcia,(337)457-7606x9955,johnsonsara@henry-evans.org,Actor,348670822057031,-89.910832,55.028320
Ronald Allen,223.140.9284,toddestrada@hernandez.com,"Doctor, hospital",4699124424438305649,5.4216265,-31.817998
Monique Morales,9646713329,ncole@gmail.com,Professor Emeritus,4334373983256298,-45.7308225,168.000935
Aaron Gray,971.995.4949,sarah40@hotmail.com,"Surveyor, rural practice",5202373980847053,-71.417920,-24.937643
